timestamp,acc_x,acc_y,acc_z,gyro_x,gyro_y,gyro_z
,,,,,,
14:38:17.558Z,-0.1067797095,9.419346809,2.639881611,-0.003062632866,-0.003062632866,-0.04580633715
14:38:17.577Z,-0.1671984792,9.508479118,2.588435888,0.00319579104,-0.009187898599,-0.04380896688
14:38:17.592Z,-0.1827518344,9.595218658,2.563311338,0.008655266836,0.04021370411,-0.02569948509
14:38:17.629Z,0.02273181453,9.507282257,2.239382982,-0.03888212144,-0.03115896136,-0.01877527125
14:38:17.661Z,-0.07417750359,9.462118149,2.801995277,-0.04886896908,0.002929474926,-0.02783001214
14:38:17.697Z,-0.1752742529,9.336494446,2.684448004,-0.003462106921,-0.01677790284,-0.02077264152
14:38:17.708Z,-0.1483550072,9.31525898,2.607578516,0.02170474641,0.002663159044,-0.01251684781
14:38:17.726Z,-0.07746763527,9.363413811,2.713161707,0.03009369783,-0.001997369342,-0.006125265732
14:38:17.746Z,-0.03080759197,9.518947601,2.756830692,0.03275685757,-0.0209057983,-0.004394212738
14:38:17.756Z,-0.1405783296,9.529715538,2.601895571,0.05286370963,-0.004127896391,-0.01744369231
14:38:17.776Z,-0.2276172489,9.425328255,2.560320139,0.07669898123,-0.01065263618,-0.01904158667
14:38:17.796Z,-0.1256231815,9.347860336,2.607279301,0.07270424068,-0.01025316212,-0.007989477366
14:38:17.808Z,-0.07866404206,9.346364975,2.539083958,0.07789740711,-0.03422159329,0.005326318089
14:38:17.845Z,-0.01256231871,9.36550808,2.523829699,0.07843003422,-0.05392897129,0.006524739787
14:38:17.856Z,0.08195417374,9.301200867,2.64825654,0.08948214352,-0.02330264263,0.002130527282
14:38:17.876Z,-0.08943174779,9.297611237,2.564507723,0.1133174226,-0.05366265774,0.00173105346
14:38:17.911Z,0.0326022096,9.413064957,2.389233351,0.1177116334,-0.07084003091,0.008122635074
14:38:17.925Z,-0.03649054468,9.37328434,2.471486807,0.1326253265,-0.05592634156,-0.008122635074
14:38:17.944Z,-0.1304088384,9.322137833,2.703889608,0.1267663687,-0.01597895473,-0.009986846708
14:38:17.954Z,-0.1133599728,9.383154869,2.775674343,0.1194426864,-0.08388951421,0.001331579522
14:38:17.974Z,0.02213360928,9.660123825,2.594118834,0.127165854,-0.1099884734,0.009587372653
14:38:17.995Z,-0.03170489892,9.72353363,2.639881611,0.1459411234,-0.04127896577,-2.66E-04
14:38:18.023Z,-0.008374879137,9.591928482,2.621337175,0.1564605981,-0.0392815955,0.006391582079
14:38:18.043Z,-0.03798605874,9.410672188,2.540878534,0.164050594,-0.06964161247,0.01544632297
14:38:18.054Z,-0.09870393574,9.086444855,2.543271303,0.1928127259,-0.08721846342,0.03302317113
14:38:18.074Z,0.06221338734,8.98056221,2.741277456,0.2415485233,-0.0657800287,0.03595264629
14:38:18.114Z,0.2318046987,8.655437469,2.845664263,0.3880222738,-0.06538055837,0.02303632535
14:38:18.143Z,0.185144648,8.381459236,3.020340443,0.5314334035,-0.0657800287,-0.03994738683
14:38:18.163Z,-0.07178468257,8.640482903,2.344966173,0.6131923795,-0.06378266215,-0.05392897129
14:38:18.174Z,-0.128614217,8.624929428,2.104188442,0.6548708081,-0.1000016257,-0.03049317189
14:38:18.193Z,0.1393819153,8.686544418,2.298007011,0.7225150466,-0.04727107286,0.003728422802
14:38:18.213Z,0.4462614357,8.858229637,2.458027124,0.825712502,0.07896266878,0.01398158539
14:38:18.223Z,0.2991028428,9.171390533,2.102992058,0.9803088903,0.1382179558,0.0418115966
14:38:18.242Z,0.2464607358,9.392725945,1.620239973,1.082440972,0.1376853287,0.06444845349
14:38:18.262Z,0.1447657645,9.620642662,1.356132269,1.133706808,0.1419463754,0.05819002539
14:38:18.293Z,-0.8578268886,9.976574898,0.1052841991,1.014929891,0.1938779801,0.02210422046
14:38:18.313Z,-1.210768223,9.716654778,-0.004486542661,0.8335688114,0.18069534,0.1019989923
14:38:18.343Z,0.6478567123,9.736394882,1.042074203,0.6969487667,0.1255679578,0.1886848211
14:38:18.372Z,0.7477570772,9.617053032,0.7627122402,0.7874961495,-0.07137266546,0.02077264152
14:38:18.392Z,-0.7980063558,9.569196701,1.272682548,0.8793751597,-0.03834949061,0.06018739566
14:38:18.412Z,-1.16769743,9.391230583,0.7878368497,0.9628651738,0.03422159329,0.1652490199
14:38:18.422Z,-0.1205384433,9.400203705,-0.007477570791,0.9564735889,0.09400951862,0.2371543199
14:38:18.462Z,0.7555337548,9.599406242,0.684646368,0.9563404322,0.01424790081,0.09454214573
14:38:18.472Z,0.3092723191,9.557830811,-0.1277169138,1.048352599,-0.08215846121,0.02316948399
14:38:18.492Z,-0.5117649436,9.738189697,-0.9658030272,0.9933583736,-0.06977476925,-0.01451421715
14:38:18.512Z,-0.8685946465,9.641579628,-0.6918248534,0.9435572624,-0.0898816213,0.0209057983
14:38:18.541Z,0.6514459848,9.419047356,-0.537786901,1.303749561,0.002530001104,0.06058686972
14:38:18.561Z,0.5324030519,9.624231339,-2.183749676,1.351686358,-0.0141147431,0.006391582079
14:38:18.590Z,1.393819213,12.01795197,-3.520141125,0.8823046088,-0.1637842804,-0.08428898454
14:38:18.630Z,0.3738785386,12.63858986,-3.108575821,0.7238466144,-0.2685796022,-0.1729721874
14:38:18.641Z,-0.9508479238,12.40110207,-4.121636868,0.6595313549,0.03661843762,-0.08921582997
14:38:18.661Z,-0.55154562,11.85553932,-4.150351048,0.5464802384,0.1274321675,0.1065263674
14:38:18.689Z,1.374676585,11.68056393,-4.681258202,0.4906870723,0.1784316599,0.2134522051
14:38:18.709Z,0.8925228715,11.99462128,-5.421836853,0.4711128473,0.2366216928,0.2083922029
14:38:18.730Z,-0.2362912297,12.38345528,-5.171188831,0.234224841,0.09307741374,0.2330264151
14:38:18.758Z,0.1908276081,13.39502144,-5.21994257,0.127165854,0.1532648057,0.3480748832
14:38:18.779Z,0.7019943595,13.46231937,-5.544169903,-0.2025332451,0.1170458421,0.3289001584
14:38:18.789Z,0.7863413692,12.97358513,-5.100301266,-0.3940143883,-0.01784316637,0.2057290375
14:38:18.828Z,-0.2177468538,11.37996578,-4.289134502,-0.5348954797,-0.1105211005,0.1133174226
14:38:18.837Z,-0.1310070455,10.80239773,-3.331706524,-0.6194508076,-0.1237037405,0.1049284711
14:38:18.857Z,0.5527420044,10.48654556,-3.461517096,-0.578305006,-0.05592634156,0.1724395454
14:38:18.877Z,1.165603757,10.28076267,-4.023531437,-0.4849612713,-0.02623211779,0.2239716798
14:38:18.887Z,1.539781332,10.31426239,-3.593421459,-0.5077312589,-0.05406212807,0.1892174482
14:38:18.907Z,1.031007409,10.0645113,-2.910868645,-0.6009418368,-0.09813741595,0.1312937438
14:38:18.927Z,1.568196177,10.01755238,-2.50020051,-0.6472808123,-0.100401096,0.07536740601
14:38:18.948Z,0.2533400953,11.28843975,-2.664707184,-0.6496776342,-0.02490053698,0.01398158539
14:38:18.959Z,0.6134598851,10.18834019,-3.201596737,-0.8261119723,0.01265000552,-0.06764423847
14:38:18.979Z,0.6684948206,10.34746265,-2.51844573,-0.9491499066,-0.09480846673,-0.07976161689
14:38:19.007Z,1.045065284,9.573683739,-1.914258122,-0.9752488732,-0.1113200486,-0.02756369673
14:38:19.026Z,0.799800992,8.932407379,-2.278864384,-0.9615336061,-0.09640636295,-0.03115896136
14:38:19.046Z,1.258325577,8.563314438,-1.995314956,-1.024916768,-0.1147821546,-0.01185105834
14:38:19.056Z,1.250848055,8.291130066,-1.613061547,-1.169659495,-0.2488722205,-0.00732368743
14:38:19.076Z,1.514955878,8.090432167,-1.297807217,-1.198022127,-0.289485395,-0.01478053257
14:38:19.097Z,1.775175333,8.145766258,-0.7689933777,-1.243029475,-0.6194508076,-0.05659212917
14:38:19.107Z,1.516152263,8.044370651,-0.2991028428,-1.174985766,-0.3834949136,-0.18069534
14:38:19.147Z,0.2359921336,8.355437279,0.05533402413,-1.194027424,-0.3403517306,-0.2295643091
14:38:19.157Z,0.3077768087,8.61266613,-0.01525424421,-1.102015257,-0.1844237745,-0.1129179448
14:38:19.200Z,0.6789634228,8.405686378,-0.2817548811,-1.10228157,-0.1371526867,-0.1027979404
14:38:19.228Z,1.02562356,7.76560688,0.3987040818,-1.129578948,-0.130095318,-0.09587372839
14:38:19.257Z,0.9918249846,7.261917591,0.8105686903,-1.090031028,-0.1067926809,-0.1418132186
14:38:19.277Z,0.7498508096,6.920042992,1.115354419,-1.015595675,-0.0836231932,-0.1872200817
14:38:19.305Z,0.3541377485,6.711867332,1.607677698,-0.9446225166,-0.05286370963,-0.1720400751
14:38:19.328Z,0.4938187599,6.90419054,1.506580949,-0.8546077609,-0.04753739014,-0.132359013
14:38:19.348Z,0.5371887088,7.054938316,1.487139225,-0.7820366621,-0.01518000662,-0.1015995219
14:38:19.355Z,0.4244269133,7.214958668,2.098206282,-0.7576687932,0.01318263728,-0.09361004084
14:38:19.376Z,0.409172684,7.442276478,2.475374937,-0.7359640002,0.01930790395,-0.08948214352
14:38:19.396Z,0.6367899179,7.725826263,2.596810818,-0.6464818716,0.03741738573,-0.06844318658
14:38:19.417Z,0.304187566,7.840083599,2.596212626,-0.4328965247,0.07776424289,-0.08482161909
14:38:19.449Z,0.1184447184,8.552546501,2.779263496,-0.309592247,0.09587372839,-0.06245107949
14:38:19.470Z,0.1304088384,9.00179863,2.869592667,-0.2414153665,0.08615319431,-0.08149266988
14:38:19.496Z,-0.2261217386,9.033802986,2.807977438,-0.07869634777,0.05033370852,-0.07603318989
14:38:19.516Z,-0.2898306549,8.892625809,2.874078989,0.009587372653,0.06085318699,-0.07390266657
14:38:19.527Z,-0.3005983531,8.826524734,2.80708003,0.1103879437,0.06458161026,-0.06245107949
14:38:19.565Z,-0.2051845491,9.015856743,2.519043922,0.2563290596,0.02902843431,-0.08428898454
14:38:19.595Z,-0.3658027649,8.656932831,2.167000055,0.3905522823,0.04167843983,-0.09094688296
14:38:19.614Z,-0.4953143001,8.498109818,1.966002941,0.4338286221,0.07376950979,-0.08801741153
14:38:19.625Z,-0.4606183469,8.53370285,1.750648856,0.4711128473,0.1115863696,-0.07057371736
14:38:19.645Z,-0.1890329868,8.619844437,2.144268274,0.5360939503,0.03395527974,-0.07510108501
14:38:19.666Z,-0.4384847581,8.568099976,2.054238319,0.64861238,-0.02769685537,-0.08894951642
14:38:19.695Z,-0.8195417523,8.231609344,1.670788407,0.8158587813,-0.02982738242,-0.06431528926
14:38:19.715Z,-0.6669993401,8.272287369,1.738086581,0.9123983383,-0.008788425475,-0.07643266767
14:38:19.745Z,-0.54167521,8.273183823,1.132403374,1.019856811,-0.1002679393,-0.0984037295
14:38:19.764Z,-0.2593221664,8.268398285,0.917647481,1.05860579,-0.1633848101,-0.1284974217
14:38:19.793Z,-0.7351947427,8.001599312,0.8039883971,1.096289396,-0.1665806025,-0.1551290154
14:38:19.814Z,-0.5862415433,8.041977882,0.2365903407,1.220659018,-0.1592569202,-0.1210405827
14:38:19.845Z,-0.4827519655,8.254939079,-0.2919243574,1.187902093,-0.1905490309,-0.1118526831
14:38:19.882Z,-0.512961328,8.98415184,-0.3388835192,1.202549458,-0.2339585274,-0.09720530361
14:38:19.893Z,-0.7058826685,8.981759071,-0.08644071966,1.221857429,-0.2423474789,-0.06964161247
14:38:19.914Z,-0.6535396576,8.76102066,-0.5694918036,1.215598941,-0.2729738057,-0.05233107507
14:38:19.933Z,-0.5937191248,8.404789925,-1.195214868,1.188168406,-0.2812296152,-0.06844318658
14:38:19.960Z,-0.4094717801,8.119445801,-1.450648785,1.15794158,-0.2447443157,-0.04673844203
14:38:19.981Z,0.02751746029,8.097311974,-1.047458172,1.134505749,-0.18069534,-0.01278316416
14:38:19.991Z,-0.2039881349,8.182556152,-1.293320656,1.144093156,-0.1533979625,-0.0375505425
14:38:20.032Z,-0.5533402562,8.997312546,-2.805285454,0.9038761854,-0.2475406379,-0.07523424178
14:38:20.060Z,-0.4163511395,9.676574707,-2.132902384,0.8182556629,-0.2769685388,-0.08229161799
14:38:20.081Z,-0.4474578202,10.08514881,-2.568994284,0.8309056163,-0.2849580348,-0.0589889735
14:38:20.090Z,-0.4193421602,10.36959648,-2.997608662,0.8024098277,-0.234224841,-0.01584579609
14:38:20.111Z,-0.2180459648,10.53829002,-3.193521023,0.6627271175,-0.1956090331,0.09254477918
14:38:20.133Z,-0.03469592705,10.51256752,-3.219841957,0.566853404,-0.1153147891,0.1454084814
14:38:20.141Z,0.3741776347,10.2723875,-3.273082256,0.4838960171,-0.1717737615,0.188152194
14:38:20.160Z,0.6939185858,9.996614456,-3.529114246,0.4139880836,-0.2183790505,0.1736379713
14:38:20.183Z,0.7573283911,9.871291161,-3.749552965,0.3372890949,-0.2061285079,0.1416800618
14:38:20.190Z,0.7914260626,9.932606697,-3.443271875,0.272174865,-0.1561942846,0.130095318
14:38:20.230Z,0.8997012973,10.3217392,-3.719941854,0.2443448454,-0.1455416381,0.0828242451
14:38:20.260Z,-0.005682953633,10.18953609,-4.479962349,-0.02303632535,-0.1034637317,0.04447475821
14:38:20.282Z,0.08255238086,10.23918724,-4.018446445,-0.1043958366,-0.04141212255,0.07270424068
14:38:20.303Z,0.5036891699,10.53619671,-3.664009571,-0.1267663687,-0.01624527015,0.06564687192
14:38:20.333Z,-0.3496512175,10.47667503,-3.667000771,-0.1930790395,-0.08149266988,0.06111950055
14:38:20.350Z,-0.6675975323,10.14885807,-3.132204771,-0.2163816839,-0.03874896467,0.07403582335
14:38:20.361Z,-0.784845829,9.899705887,-3.264707327,-0.2073269337,0.09640636295,0.1111868918
14:38:20.403Z,0.4474578202,10.03699398,-4.139284134,-0.3664506972,0.1838911325,0.1155811027
14:38:20.433Z,0.04277170449,10.79282665,-3.396611691,-0.5905555487,0.08029424399,0.01824264042
14:38:20.459Z,-0.9406784177,11.18255711,-3.547957659,-0.6611292362,0.1342232227,-0.007190529723
14:38:20.498Z,-0.3032902777,11.33629608,-3.358027458,-0.7235803008,0.1924132407,0.03049317189
14:38:20.508Z,-0.04576273263,11.46341515,-2.747259617,-0.8077361584,0.1905490309,0.05179844424
14:38:20.529Z,-0.132801652,11.57498074,-2.682054996,-0.8115977645,0.1396826953,0.04833633825
14:38:20.548Z,-0.1100698411,11.47059345,-2.432902336,-0.8263782859,0.06950845569,0.08189214021
14:38:20.559Z,0.02602194622,11.19691467,-1.310070395,-0.7804387808,0.1210405827,0.1070589945
14:38:20.579Z,-0.5880361795,11.22981548,-1.233500123,-0.6169208288,0.1727058738,0.1360874325
14:38:20.610Z,-0.6146563292,11.27976608,-1.704886079,-0.4464786351,0.2753706574,0.3769701719
14:38:20.629Z,-0.03678964823,11.11735344,-2.195115566,-0.5731118321,0.2009353489,0.4057323039
14:38:20.660Z,1.287338614,10.16201878,-1.952244163,-0.9864341021,0.1644500792,0.2669816911
14:38:20.699Z,0.3343969584,9.678967476,-1.015154958,-1.163134694,0.1769669205,0.1081242561
14:38:20.720Z,-0.3493520916,9.731609344,-0.2545365095,-1.329582214,0.1925463974,0.02809632942
14:38:20.751Z,0.1594218016,9.333204269,0.3337987661,-1.211737394,0.2303632647,0.0762995109
14:38:20.778Z,0.1579262912,9.1863451,0.6499504447,-1.133573651,0.1966743022,0.09813741595
14:38:20.800Z,0.1235294715,8.990432739,0.9672985673,-1.055276752,0.2338253707,0.08894951642
14:38:20.830Z,0.7881359458,9.262018204,1.394716501,-0.9910946488,0.2343579978,0.04021370411
14:38:20.849Z,0.5413761139,9.660123825,1.4267205,-0.9512804151,0.2424806356,-0.003728422802
14:38:20.870Z,0.3346960545,9.693623543,1.451546073,-0.9317061901,0.2892190814,-0.01065263618
14:38:20.897Z,0.4827519655,9.128917694,2.013859272,-0.9266462326,0.3162501454,-0.01491369121
14:38:20.916Z,0.3729812205,9.049356461,1.82482636,-0.9021451473,0.3354249001,-0.03701791167
14:38:20.927Z,0.5395814776,9.299705505,1.834995866,-0.9033435583,0.3588607013,-0.05113265663
14:38:20.945Z,0.1184447184,9.301499367,2.709572554,-0.9319725037,0.363121748,-0.08349003643
14:38:20.970Z,-0.2222333997,9.192327499,3.418745279,-0.7567366362,0.3138532937,-0.06684529036
14:38:20.979Z,-0.3095714152,9.274281502,3.229712248,-0.6394245028,0.2603237927,-0.02077264152
14:38:21.020Z,0.128614217,9.263513565,3.037688255,-0.6021402478,0.1711079776,0.03874896467
14:38:21.047Z,0.6460621357,9.268299103,2.982653379,-0.6629934311,0.1359542757,-0.04753739014
14:38:21.075Z,-0.1438684613,9.192925453,3.646661758,-0.6740455627,0.1198421568,-0.08948214352
14:38:21.098Z,-0.3559323549,9.322437286,3.518047571,-0.6307692528,0.06804371625,-0.02130527236
14:38:21.137Z,0.0933200866,9.250951767,3.903591156,-0.5930855274,0.02769685537,0.08202529699
14:38:21.167Z,0.1794617027,8.738887787,4.123431683,-0.5543365479,0.004660528619,0.02516685426
14:38:21.196Z,0.6104688644,8.516354561,4.095016956,-0.555801332,0.03648528084,-0.01198421605
14:38:21.237Z,0.2850449979,8.37787056,4.738686085,-0.5323655009,0.01464737486,-0.0462058112
14:38:21.246Z,0.4582255483,8.335697174,4.822733879,-0.402802825,-0.03275685757,-0.02636527456
14:38:21.266Z,0.3406781256,8.181658745,5.124229908,-0.340085417,-0.02902843431,-0.04340949282
14:38:21.295Z,0.5395814776,8.079066277,5.035097122,-0.2439453751,0.05166528746,-0.05406212807
14:38:21.314Z,0.5114658475,8.154141426,5.013860703,-0.1804290265,0.01491369121,-0.04633896798
14:38:21.336Z,0.118743822,8.15832901,5.121238708,-0.02370211668,3.99E-04,-0.05086633936
14:38:21.366Z,0.2135594189,8.552546501,5.024927616,0.1336905807,0.02836264484,-0.01384842768
14:38:21.395Z,0.1465603858,8.90130043,4.745864391,0.1849564016,0.0326237008,-0.04833633825
14:38:21.415Z,0.02721835673,8.848359108,4.748556614,0.203731671,0.02157158963,-0.04820318148
14:38:21.435Z,0.02931207791,8.808876991,4.59691143,0.2338253707,0.02303632535,-0.0462058112
14:38:21.445Z,-0.1573280841,8.704490662,4.220340729,0.2403501123,0.009054740891,-0.04207791388
14:38:21.465Z,-0.0197407864,8.604290962,4.534996986,0.2270343155,0.002530001104,-0.03209106624
14:38:21.496Z,-0.06969095767,8.176573753,4.716253281,0.3737743795,-0.005725792143,-0.03968106955
14:38:21.532Z,0.04965107143,8.29920578,4.673780918,0.429833889,-0.02316948399,-0.02330264263
14:38:21.542Z,-0.1465603858,8.370093346,4.766801834,0.5459476113,-0.03275685757,-0.03182475269
14:38:21.579Z,-0.03320041299,8.534300804,4.357030869,0.6319676638,-0.03861580789,-0.03395527974
14:38:21.601Z,-0.2162513435,8.267800331,4.264308929,0.7080008388,-0.04554001987,-0.05685844645
14:38:21.611Z,-0.2243271172,8.167600632,4.140181541,0.8241145611,-0.05952160433,-0.08189214021
14:38:21.632Z,-0.2868396044,8.181359291,4.101597309,0.8880304098,-0.04727107286,-0.08069372177
14:38:21.660Z,-0.2246262282,8.254041672,3.710370541,0.9743167758,-0.04287686199,-0.06311687082
14:38:21.682Z,-0.04516452923,8.278268814,3.549453259,1.141163707,-0.04913528636,0.009054740891
14:38:21.703Z,-0.3406781256,7.956135273,3.583251953,1.229979992,-0.07416898012,0.02849580161
14:38:21.733Z,-1.515254974,6.895516872,3.447459221,1.575258613,-0.09693899006,0.2977411747
14:38:21.754Z,1.694417477,9.061020851,3.048755169,1.903759241,-0.3399522603,0.452337563
14:38:21.764Z,1.542772412,8.817850113,2.017149448,2.006956816,-0.2548643351,0.2074600905
14:38:21.781Z,0.8228318691,9.614062309,0.2273181528,1.862879753,-0.2326269448,0.0632500276
14:38:21.800Z,-0.342173636,9.686145782,-0.1830509305,1.565138578,-0.1627190262,-0.003728422802
14:38:21.832Z,0.4160520434,11.45713425,0.6669993401,1.276052713,-0.009720530361,0.08202529699
14:38:21.851Z,-0.02991028316,11.4074831,0.466301322,1.269128442,-0.08721846342,0.0479368642
14:38:21.862Z,0.1938186288,10.50419235,0.01046859939,1.23131156,-0.1090563685,0.05193160102
14:38:21.883Z,0.5545366406,10.20389271,-0.1785643846,1.1191926,0.03275685757,-0.06458161026
14:38:21.900Z,0.6442674994,9.960124016,0.5620142221,0.9538104534,0.1350221634,-0.06644582003
14:38:21.929Z,1.019342422,9.651150703,0.3996013701,0.9407609701,0.2732401192,-0.04873581231
14:38:21.947Z,0.2066800594,10.73420238,-1.180858016,1.253682137,0.008122635074,-0.08096003532
14:38:21.978Z,0.1791625917,10.93789101,-2.382055044,1.156343699,0.1334242672,-0.07097318769
14:38:21.998Z,0.2177468538,11.37159061,-2.861217737,1.019989967,0.2069274634,-0.04234423116
14:38:22.020Z,0.8823533654,11.67458153,-3.607778311,0.9130641222,0.1531316489,-0.04234423116
14:38:22.030Z,1.49431777,12.55783272,-3.85932374,0.7527419329,0.1165132076,-0.2510027587
14:38:22.050Z,-0.5120640397,12.40409374,-4.512564182,0.6454166174,0.1226384789,-0.3347590864
14:38:22.077Z,-0.4932205677,12.35055447,-4.377070904,0.5056007504,0.1050616279,-0.1958753467
14:38:22.097Z,-0.7854440212,11.80708408,-3.184846878,0.4093275666,0.1343563795,-0.05938844755
14:38:22.120Z,-2.953640461,11.14845943,-3.778566122,0.6708498001,0.3729754388,0.4211786091
14:38:22.130Z,1.106381416,14.06441307,-5.935695648,0.5877591968,0.252068013,0.6352965832
14:38:22.150Z,3.986442566,13.81944847,-5.826822281,0.3452785909,0.03049317189,0.2786996067
14:38:22.169Z,1.977069736,11.36620712,-4.644468784,0.2564622164,-0.05765739456,0.02263685316
14:38:22.199Z,0.7369893789,11.75204945,-5.088636398,0.02996053919,-0.06364950538,-0.153664276
14:38:22.226Z,0.5371887088,10.84128094,-4.607379913,-0.09733846784,-0.06804371625,-0.1065263674
14:38:22.249Z,1.409671664,10.50658512,-5.152046204,-0.1616537571,-0.03049317189,-0.01531316526
14:38:22.267Z,1.661217093,10.4596262,-5.394319534,-0.2767022252,0.003595264861,-0.003462106921
14:38:22.276Z,0.9472586513,10.46560764,-4.781756878,-0.619184494,-0.0836231932,-0.09334372729
14:38:22.298Z,0.2838485837,10.69472122,-3.8228333,-0.6933534741,-0.08402267098,-0.07017423958
14:38:22.317Z,-0.1004985496,10.92054367,-3.677469254,-0.7285071611,-0.04554001987,-0.006791055668
14:38:22.345Z,0.2718844712,10.69860935,-4.070789337,-0.8190546036,-0.04820318148,0.03795001656
14:38:22.366Z,0.3116651475,10.28913784,-3.546163082,-1.102814198,0.05299686641,-0.06484792382
14:38:22.397Z,0.171385929,9.286245346,-2.726920605,-1.200552106,0.01265000552,-0.04727107286
14:38:22.424Z,-0.1453639716,8.228319168,-2.140379906,-1.19788897,-0.04261054471,-0.0264984332
14:38:22.445Z,-0.1277169138,8.367700577,-1.936989903,-1.198022127,-0.01384842768,-0.00319579104
14:38:22.467Z,0.2371885478,8.72841835,-1.606481314,-1.27658534,0.0460726507,-0.00319579104
14:38:22.496Z,0.1366899908,8.701200485,-0.4244269133,-1.269261599,0.05685844645,-0.08255793154
14:38:22.518Z,-0.4387838542,8.434998512,-0.2763710022,-1.192030072,0.06311687082,-0.1395495385
14:38:22.545Z,0.03080759197,7.80897665,-0.1319043487,-1.138900042,0.07922898233,-0.06018739566
14:38:22.566Z,0.3912265003,7.718946934,-0.06490531564,-1.105876803,0.07590003312,-0.04886896908
14:38:22.592Z,-0.1202393398,7.942675591,-0.1262213886,-1.131443143,0.1360874325,-0.08295740932
14:38:22.630Z,0.423828721,7.925626755,0.9191430211,-1.22305584,0.100667417,-0.08508793265
14:38:22.641Z,0.1417747438,7.596015453,0.9233304262,-1.253016353,0.0683100298,-0.1186437383
14:38:22.662Z,-0.233001098,7.357032299,1.007677436,-1.213867903,0.1046621501,-0.1324921697
14:38:22.682Z,-0.3496512175,7.254140854,1.131505966,-1.174186826,0.1491369158,-0.09480846673
14:38:22.712Z,-0.05294119939,6.951448917,1.966002941,-1.038765192,0.1649827063,-0.02703106403
14:38:22.737Z,0.2446661144,6.870691299,1.970788598,-0.9913609624,0.1189100519,-0.06311687082
14:38:22.765Z,-0.1737787426,6.836892605,2.502593279,-0.9006804228,0.09201214463,-0.1511342824
14:38:22.785Z,-0.5350949764,6.985546589,2.927618504,-0.7946866751,0.09187898785,-0.1364869028
14:38:22.814Z,-0.3000001311,7.632505894,3.657429457,-0.5094623566,0.03741738573,-0.07696529478
14:38:22.833Z,-0.137886405,7.9313097,3.724727631,-0.3707117438,0.0332894884,-0.07323687524
14:38:22.844Z,-0.3418745399,8.323134422,3.594617844,-0.2547311783,0.0479368642,-0.09560741484
14:38:22.865Z,-0.5533402562,8.658727646,3.719941854,-0.1619200706,0.04021370411,-0.1074584723
14:38:22.884Z,-0.9254241586,8.880661964,3.602095366,-0.08495477587,0.02130527236,-0.09773793817
14:38:22.904Z,-0.8350951076,8.891429901,3.892524242,-0.03289001435,-0.02876211889,-0.05845634267
14:38:22.913Z,-0.5946164131,8.819346428,4.333701134,0.08322372288,-0.0435426496,-0.0589889735
14:38:22.954Z,-0.3577269912,8.508877754,3.833002806,0.2913496196,-0.02676474862,-0.04833633825
14:38:22.982Z,-0.3355933726,8.461917877,3.043072224,0.4110586047,-0.07323687524,-0.06697845459
14:38:23.010Z,-0.4959124923,8.619246483,3.260220766,0.4713791609,-0.06418213248,-0.03795001656
14:38:23.030Z,-0.5087739229,8.719146729,2.921337366,0.573777616,-0.05819002539,-0.001464737463
14:38:23.050Z,-0.7444669604,8.690732002,2.860619545,0.6384924054,-0.07816372067,-2.66E-04
14:38:23.058Z,-0.6960122585,8.659924507,2.902792931,0.6792387366,-0.08415582776,0.005193160381
14:38:23.078Z,-0.7492526174,8.492426872,2.473281384,0.7566034794,-0.07337003201,0.01331579592
14:38:23.104Z,-0.4740779996,8.330910683,2.200499535,0.8743151426,-0.1086568907,0.03808317333
14:38:23.132Z,-0.3083750308,7.856534004,2.229512453,0.9361004233,-0.1328916401,0.02902843431
14:38:23.152Z,-0.1531406492,7.720143318,2.060818434,1.137834668,-0.135821119,0.02316948399
14:38:23.161Z,-0.2054836452,7.65703249,1.676770449,1.213202119,-0.1458079666,0.00732368743
14:38:23.180Z,-0.1277169138,7.501798153,1.420738459,1.251817942,-0.1436774284,-0.01478053257
14:38:23.208Z,-0.4127618968,7.184749126,0.4875376225,1.28896904,-0.1386174262,-0.04301001877
14:38:23.231Z,-0.1555334777,7.226324558,0.2467598319,1.360874295,-0.1653821766,-0.02063948289
14:38:23.260Z,-0.4319044948,7.569694519,0.03050848842,1.430649042,-0.1387505829,-0.03195790946
14:38:23.299Z,-0.1797607988,7.826025486,-1.110269666,1.435442805,-0.1672463864,-0.02197106183
14:38:23.318Z,-0.1013958603,7.723732471,-1.487139225,1.378317952,-0.2435459048,-0.039414756
14:38:23.332Z,-0.3110669553,7.850253105,-2.006082773,1.262204289,-0.2644517124,-0.0657800287
14:38:23.352Z,-0.5132604837,8.164909363,-1.592722535,1.222390056,-0.2017343044,-0.009720530361
14:38:23.370Z,-0.03170489892,8.571688652,-1.234397411,1.247956395,-0.1420795321,0.04673844203
14:38:23.379Z,0.2659024298,8.961718559,-1.523629785,1.258608937,-0.1384842694,0.02849580161
14:38:23.400Z,0.1127617657,9.239286423,-2.29501605,1.199886322,-0.2141179889,-0.004660528619
14:38:23.420Z,-0.1154536903,9.562616348,-2.675175667,1.114532113,-0.2214416862,-0.01105211023
14:38:23.448Z,-0.8051848412,9.894022942,-2.599502802,1.099751592,-0.01757685095,0.07350318879
14:38:23.471Z,-0.5380859971,9.916455269,-2.982653379,1.032506824,0.02623211779,0.1633848101
14:38:23.497Z,0.2219343036,9.603294373,-3.139383316,0.9839041233,0.00559263397,0.2075932473
14:38:23.518Z,0.2030908167,9.468100548,-3.403790236,0.9130641222,-0.01797632314,0.2074600905
14:38:23.528Z,0.0382851623,9.268598557,-3.825525284,0.8640619516,0.00173105346,0.2243711501
14:38:23.551Z,0.03320041299,9.31944561,-3.819842339,0.7608645558,0.02729738131,0.2504701018
14:38:23.577Z,0.1372881979,9.471689224,-4.190430641,0.6247771382,0.00665789796,0.2139848322
14:38:23.617Z,-0.2327020019,9.428020477,-4.091427803,0.5392897129,0.02117211558,0.2075932473
14:38:23.647Z,0.9203394055,9.606584549,-4.362414837,0.4036017656,0.05392897129,0.2087916732
14:38:23.668Z,0.7953144312,9.91017437,-4.91366148,0.3067959249,0.07616634667,0.1372858584
14:38:23.674Z,-0.007178467698,10.328619,-5.247459888,0.1635179669,0.07909582555,0.1077247858
14:38:23.699Z,0.1549352705,10.99681473,-5.39312315,6.66E-04,0.06737792492,0.1015995219
14:38:23.728Z,0.1573280841,12.38794231,-5.535795212,-0.3034669757,0.05659212917,-0.005992108025
14:38:23.748Z,-0.337986201,12.62513065,-5.517848969,-0.3836280704,0.06298371404,0.02556632832
14:38:23.768Z,-0.1016949639,12.58923817,-5.554339409,-0.4837628603,0.07243792713,0.07656582445
14:38:23.787Z,0.5015954375,12.51476192,-5.676074505,-0.6046702862,0.05259739235,0.09041424841
14:38:23.817Z,0.8584251404,12.55125237,-4.689932346,-0.8958867192,-0.08468846232,0.07816372067
14:38:23.846Z,0.537786901,12.10857964,-3.267997503,-0.8287751079,-0.06737792492,0.0615189746
14:38:23.886Z,0.585344255,11.08445168,-3.362813234,-0.8194540739,-0.02809632942,0.05512739345
14:38:23.915Z,0.8042874932,10.32024384,-2.614457846,-0.8836361766,-0.03994738683,0.0368847549
14:38:23.936Z,0.8518448472,10.23260689,-2.355135679,-0.9237167239,-0.04767054692,0.01984053478
14:38:23.946Z,0.5608177781,10.28883839,-2.157129526,-0.9874994159,-0.02530001104,-0.04780370742
14:38:23.985Z,0.2057827413,10.1524477,-2.083550215,-1.060869455,-0.08828372508,-0.01198421605
14:38:23.995Z,0.3107678294,10.2783699,-2.129014015,-1.159672618,-0.1186437383,0.02383527346
14:38:24.034Z,0.2482553422,10.35823059,-1.092921734,-1.241431594,-0.1126516312,0.03741738573
14:38:24.044Z,0.03888336942,10.09172916,-1.009172916,-1.335441113,-0.07243792713,0.02423474751
14:38:24.065Z,-0.4486542344,9.65055275,-0.7555337548,-1.374589562,0.01185105834,0.0589889735
14:38:24.085Z,-0.1133599728,9.260822296,-0.2303091735,-1.378184795,0.04314317927,0.1362205893
14:38:24.095Z,0.5174478889,9.047860146,0.1040877849,-1.334109545,-0.003595264861,0.1596563905
14:38:24.132Z,0.2766701281,9.074181557,0.1283151209,-1.306945324,0.004660528619,0.1215732098
14:38:24.144Z,0.05324030295,9.255737305,0.1722832322,-1.334775329,0.0743021369,0.06098634377
14:38:24.164Z,0.1674975902,9.433105469,0.8877372146,-1.360341668,0.06684529036,0.0675110817
14:38:24.199Z,0.2018944174,9.804889679,1.571785331,-1.306146383,0.07962846011,0.06298371404
14:38:24.209Z,0.4151547253,9.519545555,1.649253011,-1.235972166,0.09933583438,0.05113265663
14:38:24.233Z,0.3939184248,9.142676353,2.065903187,-1.146623135,0.1941442937,0.02476738021
14:38:24.254Z,0.632004261,8.867501259,2.581855536,-1.067394137,0.2241048366,0.02969422378
14:38:24.281Z,1.124028444,8.645866394,2.327917337,-0.9752488732,0.2620548606,0.006258423906
14:38:24.301Z,0.7842476368,8.622835159,2.264208317,-0.9115993381,0.2961432934,-0.1153147891
14:38:24.330Z,-0.03948157281,8.933005333,3.023630619,-0.890294075,0.2869553864,-0.1316932142
14:38:24.350Z,-0.2075773627,9.106484413,3.256930828,-0.8451535702,0.2672480047,-0.1125184745
14:38:24.359Z,0.07028916478,9.21146965,3.159722328,-0.7435539961,0.2346243113,-0.06511423737
14:38:24.381Z,0.1375873089,9.304789543,3.167798042,-0.6840324402,0.1239700541,-0.04673844203
14:38:24.401Z,-0.104685992,9.396315575,3.346661568,-0.7030739784,0.05992107838,-0.04753739014
14:38:24.430Z,-0.003888336709,9.095417976,3.766602039,-0.7235803008,0.02503369562,-0.02609895915
14:38:24.450Z,0.1555334777,8.845368385,4.02652216,-0.7287734747,5.33E-04,-0.01757685095
14:38:24.460Z,0.1190429255,8.730512619,4.332803726,-0.7106640339,-0.008655266836,-0.01997369342
14:38:24.480Z,0.1447657645,8.495118141,4.339084625,-0.6620613337,-0.03542001545,-0.02623211779
14:38:24.502Z,0.3077768087,8.384151459,4.273282051,-0.6045371294,-0.06551371515,-0.02103895694
14:38:24.511Z,0.4701896608,8.437690735,4.461717129,-0.5154544711,-0.1233042628,-0.019707378
14:38:24.551Z,0.4402793646,8.520243645,4.261018753,-0.4518049359,-0.166314289,-0.01464737486
14:38:24.576Z,0.2542374134,8.612068176,4.649553299,-0.4709796906,-0.1741705984,-0.02103895694
14:38:24.596Z,0.3352942765,8.62014389,4.79820776,-0.477637589,-0.1781653464,-0.01797632314
14:38:24.608Z,0.4567300081,8.609675407,4.437190533,-0.4270375669,-0.06311687082,-0.03715106845
14:38:24.629Z,0.4923232496,8.553144455,4.629214287,-0.4519380927,-0.06285055727,-0.05179844424
14:38:24.668Z,0.2171486616,8.153543472,5.44397068,-0.3185138404,-0.05872265995,-0.0677774027
14:38:24.678Z,0.2075773627,8.146365166,5.34676218,-0.2179795653,-0.01504684892,-0.04993423447
14:38:24.700Z,0.1600200087,8.188239098,5.189733028,-0.1430116445,0.01704421826,-0.0351537019
14:38:24.718Z,0.1615155339,8.344968796,5.125725269,-0.08974846452,0.0234357994,-0.01677790284
14:38:24.730Z,0.346660167,8.506484032,4.917250633,-0.05073318258,0.01771000773,-0.01651158556
14:38:24.768Z,0.1088734269,8.432307243,4.865804672,-0.01930790395,0.03089264594,-0.03155843541
14:38:24.779Z,2.99E-04,8.359924316,4.87806797,0.01012000442,0.04514054582,-0.01091895252
14:38:24.799Z,0.1920240223,8.441280365,4.785047054,0.02969422378,0.04833633825,-0.005193160381
14:38:24.828Z,0.1145563871,8.214859009,4.533202648,0.04301001877,0.04340949282,-0.01012000442
14:38:24.847Z,0.1767697781,8.03539753,4.941776752,0.03874896467,0.04514054582,-0.002130527282
14:38:24.868Z,0.1827518344,7.939684868,5.184648514,0.1363537461,0.05139897019,-0.00319579104
14:38:24.897Z,0.0185443759,7.964210987,4.845166683,0.3085269928,0.0436758101,0.02370211668
14:38:24.920Z,0.1055833027,8.049156189,5.101198673,0.3829622865,0.03781685978,0.02596580051
14:38:24.927Z,0.1881356835,7.965407372,5.248058319,0.5069323182,0.02636527456,0.01677790284
14:38:24.945Z,0.1704886109,7.986045361,5.053342342,0.613458693,0.02503369562,-0.019707378
14:38:24.964Z,-0.1671984792,8.00638485,4.928317547,0.7049382329,0.01597895473,-0.04953476042
14:38:24.994Z,-0.2201396823,7.838587761,5.177470207,0.9475520253,-0.02077264152,-0.00665789796
14:38:25.015Z,0.1348953694,7.888837337,4.721338272,1.069924116,-0.03648528084,-0.01211737376
14:38:25.024Z,0.3053839803,8.231010437,4.133302212,1.155811071,-0.07603318989,-0.0547279194
14:38:25.063Z,0.003290131222,8.56241703,3.762414455,1.191364169,-0.08868319541,-0.08335687965
14:38:25.087Z,0.162113741,8.656634331,3.600599766,1.249953747,-0.1065263674,-0.08641951531
14:38:25.096Z,-0.1193420291,8.606385231,3.655036688,1.317864299,-0.1141163707,-0.09893636405
14:38:25.117Z,-0.2659024298,8.677271843,3.479762316,1.391367435,-0.134090066,-0.07390266657
14:38:25.146Z,0.2548356056,8.611170769,3.101098061,1.46287334,-0.1643169224,-0.05619265884
14:38:25.167Z,-0.05653043464,8.514261246,2.496611357,1.546629667,-0.09467530251,-0.09560741484
14:38:25.195Z,0.4483551383,8.896514893,2.073081732,1.495230675,-0.164050594,-0.05352949724
14:38:25.236Z,0.07148557901,9.166604042,1.508674622,1.480849624,-0.09294424951,-0.06005423889
14:38:25.244Z,0.1884347796,9.387342453,1.155135155,1.445030093,-0.07350318879,-0.05552686751
14:38:25.266Z,0.2724826932,9.601799011,1.197607756,1.409743309,-0.07803056389,-0.04207791388
14:38:25.286Z,0.233300209,9.908379555,1.411167145,1.404150605,-0.08522108942,-0.02689790726
14:38:25.316Z,0.3137588799,10.43689442,0.07148557901,1.334509015,-0.06205160543,0.007456845604
14:38:25.343Z,0.233300209,10.35254669,-0.2763710022,1.289901137,-0.0350205414,0.02024000883
14:38:25.362Z,0.2611167729,10.44796085,-0.4836492836,1.248355865,-0.02037316747,0.04327633604
14:38:25.383Z,0.1004985496,10.41326523,-0.6580262184,1.208807945,-0.02356895804,0.05086633936
14:38:25.393Z,0.233001098,10.36839962,-0.9511470199,1.19296217,-0.05819002539,0.07789740711
14:38:25.415Z,0.3753740489,10.55474091,-1.718046665,1.194959521,-0.01850895584,0.1167795286
14:38:25.433Z,0.5527420044,10.81765175,-2.232802629,1.157142639,-0.01145158429,0.0921453014
14:38:25.444Z,0.3101696372,10.97856903,-2.993122101,1.122388363,-0.01864211448,0.04460791498
14:38:25.464Z,0.2389831543,11.03599739,-3.704687595,1.032107353,-0.06098634377,0.02862896025
14:38:25.491Z,0.3825525343,11.23340511,-4.205984116,0.9444893599,-0.05099949613,0.02743053809
14:38:25.514Z,0.5509474277,11.50738335,-4.71535635,0.8321040869,-0.001864211401,0.01597895473
14:38:25.534Z,0.8617152572,12.03679562,-5.700301647,0.7210503221,-0.0479368642,-0.01078579482
14:38:25.551Z,0.8706883192,12.64367485,-6.014658928,0.5583313107,-0.07137266546,-0.04380896688
14:38:25.558Z,0.2778665423,13.38186073,-5.442774296,0.4459459782,-0.07110634446,-0.03715106845
14:38:25.598Z,-0.4812564552,14.06620789,-5.421238899,0.401737541,-0.03595264629,0.0117178997
14:38:25.608Z,-0.09032905847,13.6534462,-5.678766251,0.3488738537,0.007057371549,0.07416898012
14:38:25.628Z,0.1280160099,12.9954195,-5.658128262,0.2511359155,0.03968106955,0.1005342528
14:38:25.650Z,0.3029911816,12.26949692,-5.786144257,-0.007856319658,0.08508793265,0.09534109384
14:38:25.681Z,0.6403791308,11.04975605,-5.504389286,-0.316516459,0.05566002429,0.09121319652
14:38:25.701Z,0.9717850685,10.83141041,-5.306383133,-0.475373894,0.04460791498,0.0589889735
14:38:25.713Z,0.7339983582,10.7165556,-4.814060211,-0.6025397182,0.08189214021,0.01518000662
14:38:25.731Z,0.5404788256,10.78146076,-4.264608383,-0.7086666226,0.09108003974,0.001065263641
14:38:25.752Z,0.6346961856,10.7105732,-3.908077478,-0.7736477256,0.06644582003,-0.01571263932
14:38:25.762Z,0.5132604837,10.50120163,-3.922434568,-0.8562056422,0.05965476483,-0.05339634046
14:38:25.781Z,-0.08823533356,10.14437199,-3.602095366,-0.9318393469,0.07776424289,-0.05432844535
14:38:25.801Z,-0.1564307809,9.751948357,-3.399303675,-0.9747162461,0.1191763729,-0.009720530361
14:38:25.831Z,0.5530411601,9.176774025,-3.308077335,-1.08909893,0.1701758653,0.002530001104
14:38:25.861Z,0.3107678294,8.771190643,-2.689233541,-1.182575822,0.1945437789,-0.07976161689
14:38:25.881Z,0.04007977992,8.669795036,-2.484647274,-1.255679488,0.2439453751,-0.07776424289
14:38:25.901Z,0.1938186288,8.729017258,-2.085045815,-1.300154328,0.283759594,-0.05592634156
14:38:25.930Z,0.5126622319,8.822636604,-1.296909928,-1.338903189,0.2820285559,-0.06378266215
14:38:25.970Z,0.1333998591,8.448758125,-1.237089276,-1.413871169,0.2890859246,-0.06671213359
14:38:25.997Z,0.3505485058,8.070990562,-0.3649054468,-1.466734886,0.3215764761,-0.0375505425
14:38:26.019Z,0.4968098104,7.881359577,0.2006980032,-1.448625445,0.3410175145,-0.01051947847
14:38:26.030Z,0.4438686073,7.686045647,0.07507480681,-1.443432212,0.3151848912,-0.04048001766
14:38:26.050Z,0.195314154,7.395915508,0.2721835673,-1.448092818,0.2997385561,-0.05486107618
14:38:26.068Z,0.1076770201,7.187740326,0.4013960063,-1.416401148,0.2892190814,-0.04993423447
14:38:26.080Z,0.08554340899,6.919445038,0.5431707501,-1.38497591,0.2769685388,-0.03102580272
14:38:26.119Z,0.3023929596,6.620641232,1.24516511,-1.331712723,0.250869602,-0.0264984332
14:38:26.149Z,0.1639083475,6.689135551,1.747956991,-1.240632653,0.2556632757,-0.07656582445
14:38:26.168Z,-0.1348953694,6.808477879,2.157727718,-1.176849961,0.261788547,-0.07869634777
14:38:26.179Z,0.004187439568,6.936493874,2.256132603,-1.112534761,0.2581932843,-0.07616634667
14:38:26.217Z,-0.18993029,7.41236639,2.644368172,-1.058339477,0.2580601275,-0.08402267098
14:38:26.228Z,-0.07208377868,7.72163868,3.085544825,-0.9960215092,0.225569576,-0.06684529036
14:38:26.248Z,0.06131608039,8.025527,3.457628727,-0.8177229762,0.157126382,-0.05978792161
14:38:26.264Z,-0.1767697781,8.287241936,3.465405464,-0.7214497924,0.1500690132,-0.08229161799
14:38:26.276Z,-0.3571287692,8.50469017,3.10408926,-0.6775076985,0.1086568907,-0.07523424178
14:38:26.298Z,-0.3744767308,8.578568459,3.857230186,-0.6290381551,0.04034686089,-0.06631266326
14:38:26.318Z,-0.352343142,8.57617569,4.208974838,-0.5102612972,0.0239684321,-0.0589889735
14:38:26.326Z,-0.2279163599,8.594420433,4.24666214,-0.3946801722,0.04234423116,-0.06364950538
14:38:26.348Z,-0.2512463629,8.46849823,4.214957237,-0.3047985733,0.05299686641,-0.07510108501
14:38:26.386Z,-0.3086741269,8.568997383,4.030410767,-0.2367548496,0.05339634046,-0.07550056279
14:38:26.394Z,-0.1932204217,8.650651932,3.996312857,-0.1870869249,0.03315633163,-0.06591318548
14:38:26.417Z,-0.07148557901,8.804988861,3.674478292,-0.123171106,0.01478053257,-0.07297056168
14:38:26.445Z,-0.6062814593,8.931808472,4.190430641,-0.1280979514,-0.007590003312,-0.07909582555
14:38:26.466Z,-0.5309075117,8.961718559,4.366302967,-0.01930790395,-0.03435475379,0.003994738683
14:38:26.486Z,-0.4145565331,8.94018364,4.007977962,0.03861580789,-0.04514054582,0.01424790081
14:38:26.513Z,-0.4414757788,8.736793518,3.937688828,0.06378266215,-0.04940159991,-0.0049268445
14:38:26.534Z,-0.4668995142,8.602795601,4.240380764,0.100667417,-0.05459476262,-0.01984053478
14:38:26.545Z,-0.5273182988,8.446364403,4.020540237,0.1648495495,-0.06218476593,-0.019707378
14:38:26.565Z,-0.4160520434,8.526524544,3.901497364,0.2579269707,-0.07017423958,-0.02277000993
14:38:26.584Z,-0.4567300081,8.585447311,4.201796532,0.3854922652,-0.1027979404,-0.04127896577
14:38:26.594Z,-0.5590232015,8.655736923,3.886243105,0.4800344408,-0.1135837361,-0.05020054802
14:38:26.630Z,-0.6732804775,8.632107735,3.821038723,0.5338302255,-0.1294295341,-0.04940159991
14:38:26.642Z,-0.4471587241,8.707481384,3.640081406,0.6849645376,-0.1709748209,-0.03808317333
14:38:26.663Z,-0.4268197417,8.713463783,3.338585854,0.7568697929,-0.193345353,-0.05033370852
14:38:26.684Z,-0.5925226808,8.623732567,3.192025423,0.8137282729,-0.2199769467,-0.04767054692
14:38:26.713Z,-0.3287140131,8.300402641,2.84656167,0.9542099237,-0.2323606312,-0.02450106293
14:38:26.743Z,-0.3332005441,8.098209381,2.652443886,0.9909614921,-0.2672480047,-0.02143843099
14:38:26.764Z,-0.4423730969,8.053643227,2.593520641,1.108806252,-0.2565953732,-0.03315633163
14:38:26.785Z,-0.5497509837,7.887042522,2.21306181,1.182575822,-0.262986958,-0.02929474972
14:38:26.793Z,-0.6038886309,7.698009491,2.003091574,1.241697907,-0.2788327634,-0.005459476262
14:38:26.813Z,-0.3912265003,7.680960655,1.77846539,1.296425819,-0.2974748611,0.01211737376
14:38:26.833Z,-0.337986201,7.526025295,1.102193952,1.349822164,-0.2760364413,0.01611211337
14:38:26.853Z,-0.204586342,7.544270515,0.4749752879,1.341832757,-0.3098585606,0.0222373791
14:38:26.882Z,-0.2033899277,7.101299286,0.6137589812,1.392166376,-0.3480748832,-0.003062632866
14:38:26.908Z,-0.09092725813,6.956533432,-0.555433929,1.412939072,-0.3281011879,-0.005326318089
14:38:26.929Z,0.1471585929,7.261618614,-0.304486692,1.370594859,-0.3106575012,-0.004527370445
14:38:26.950Z,0.1701895148,7.592725277,-0.07238288224,1.353017926,-0.3057306707,-0.01997369342
14:38:26.963Z,-0.06430710852,8.007282257,-0.7594220638,1.428918004,-0.302668035,-0.0264984332
14:38:26.983Z,-0.0783649385,8.525627136,-1.018445134,1.402685881,-0.2711096108,0.00665789796
14:38:27.002Z,-0.05653043464,9.108877182,-1.366002679,1.385242224,-0.2700443268,0.01704421826
14:38:27.032Z,-0.3245265782,9.622138023,-1.856232166,1.300953269,-0.2223737836,0.03102580272
14:38:27.058Z,-0.02183450572,9.490532875,-2.140678883,1.2460922,-0.203731671,0.05286370963
14:38:27.081Z,0.3104687333,9.456435204,-2.026421785,1.133440495,-0.1709748209,0.1089232042
14:38:27.111Z,0.5889334679,10.06301594,-3.219243765,0.8839024901,-0.205462724,0.04008054361
14:38:27.131Z,0.342771858,10.35553837,-3.108874798,0.7387603521,-0.2153164148,0.0183757972
14:38:27.161Z,-0.052342996,10.36869907,-2.719442844,0.5692502856,-0.1581916511,0.01757685095
14:38:27.201Z,-0.1881356835,9.767801285,-3.312862873,0.4480765164,-0.1641837656,0.06564687192
14:38:27.231Z,0.3903291821,9.722337723,-3.232105255,0.3515369892,-0.1348890066,0.1193095297
14:38:27.270Z,0.5760720372,10.13210869,-3.620938778,0.1751027107,-0.1130511016,0.07443529367
14:38:27.278Z,0.5312066078,10.11087227,-3.273979664,0.1097221524,-0.02729738131,0.05246423557
14:38:27.301Z,0.2261217386,10.06570721,-3.319742203,0.07723161578,0.04407528415,0.02969422378
14:38:27.319Z,0.2817548811,10.21316528,-3.972085476,0.005858949851,0.08002793044,0.02929474972
14:38:27.348Z,-0.02961117961,10.7925272,-4.138386726,-0.1106542572,0.04500738904,0.005193160381
14:38:27.368Z,-0.5303093195,11.05902767,-4.251148701,-0.1852227151,0.01291632187,-0.02809632942
14:38:27.378Z,-0.4860421121,11.301301,-4.123431683,-0.2568616867,0.01051947847,-0.01944106072
14:38:27.397Z,-0.1788634956,11.63240814,-4.468297005,-0.3081275225,0.02316948399,0.01624527015
14:38:27.418Z,0.1363908947,11.92104244,-4.234099865,-0.4358259737,0.06431528926,0.04687159881
14:38:27.447Z,0.4731806815,12.00030422,-3.415156126,-0.4921517968,0.005193160381,0.04008054361
14:38:27.468Z,0.5135595798,11.90399361,-3.577269793,-0.5095955133,0.01797632314,0.01824264042
14:38:27.479Z,0.618245542,11.89950657,-3.780360699,-0.5751091838,0.03914843872,0.0307594873
14:38:27.515Z,0.8877372146,11.91386414,-2.818146944,-0.6524739861,0.01478053257,0.04767054692
14:38:27.523Z,0.5823532343,11.75474167,-3.009871721,-0.6795050502,-0.03222422674,0.05139897019
14:38:27.546Z,0.05533402413,11.62343502,-2.736790895,-0.798681438,-0.06644582003,0.06617950648
14:38:27.567Z,-0.2228316069,11.55733299,-2.672184706,-0.8908267021,-0.0589889735,0.08335687965
14:38:27.577Z,-0.1869392693,11.27677536,-2.541775942,-0.9972199202,-0.03968106955,0.1061268896
14:38:27.616Z,-8.97E-04,10.80778122,-2.160120726,-1.23703742,-0.1378184855,0.06564687192
14:38:27.624Z,-0.3625126183,10.79013443,-1.595713615,-1.371127486,-0.1388837546,0.05139897019
14:38:27.664Z,-0.6397809386,10.37916756,-0.6550351977,-1.46287334,-0.08455529809,0.02703106403
14:38:27.683Z,-0.3714857101,10.20837975,-0.0326022096,-1.537574887,-0.0632500276,0.04807002097
14:38:27.693Z,-0.1307079345,9.901799202,0.1600200087,-1.530251265,-0.05099949613,0.09920267761
14:38:27.716Z,0.01824527234,9.715457916,0.6547361016,-1.438239098,-0.002530001104,0.1996037811
14:38:27.736Z,0.1064806059,9.544969559,1.366002679,-1.366999626,0.06924213469,0.2384859025
14:38:27.764Z,0.8425726891,8.854341507,1.744068623,-1.195225835,0.1882853508,0.2129195631
14:38:27.786Z,1.040279627,8.614759445,1.87956214,-0.9607346654,0.4131891429,0.05672528967
14:38:27.814Z,-0.07956135273,8.35304451,1.983949065,-0.8586025238,0.4399538934,-0.04380896688
14:38:27.834Z,-0.2006980032,8.665905952,2.204387903,-0.7616634965,0.4531365335,-0.07749792933
14:38:27.845Z,-0.1295115203,8.854341507,2.365305185,-0.5383576155,0.4474107325,-0.04008054361
14:38:27.884Z,0.3547359705,9.335298538,1.713560104,-0.4861596823,0.3729754388,-0.0171773769
14:38:27.915Z,-0.03649054468,9.383752823,2.362613201,-0.6266413331,0.3279680312,-0.0264984332
14:38:27.944Z,0.1100698411,9.5754776,2.287538528,-0.7633945346,0.2715090811,0.02183790505
14:38:27.964Z,0.2261217386,9.362217903,3.120240688,-0.8041408658,0.1692437679,0.05526055023
14:38:27.982Z,0.3448655605,9.058030128,3.224328518,-0.7768434882,0.146740064,0.06737792492
14:38:27.993Z,0.3918247223,8.881858826,3.139682293,-0.7897598147,0.1447426975,0.06631266326
14:38:28.013Z,0.3436691463,8.971888542,3.315554857,-0.810931921,0.1327584833,0.06178529188
14:38:28.033Z,0.5347958803,9.148657799,3.771686792,-0.7781751156,0.1342232227,0.0486026518
14:38:28.045Z,0.4683950245,9.446864128,3.647858143,-0.7344992757,0.08122635633,0.04713791609
14:38:28.083Z,-0.2605185509,9.356235504,3.915555239,-0.5862944722,0.04101264849,0.06498108059
14:38:28.095Z,0.002392822644,9.324530602,3.733700514,-0.5813676119,0.02569948509,0.08628635854
14:38:28.115Z,0.304187566,9.319745064,3.851248026,-0.5824328661,-0.01331579592,0.06285055727
14:38:28.151Z,0.237487644,8.662017822,4.383052826,-0.5589970946,-0.001331579522,0.01771000773
14:38:28.162Z,0.4354937077,8.46849823,4.210171223,-0.5037365556,-0.007456845604,7.99E-04
14:38:28.179Z,0.4785645306,8.525029182,3.96939373,-0.4173170328,-0.01131842658,-0.04940159991
14:38:28.212Z,0.08703892678,8.57647419,4.200001717,-0.3773696423,-0.04687159881,-0.08415582776
14:38:28.250Z,0.2303091735,8.799904823,4.285246372,-0.3627222776,-0.09068056941,-0.02769685537
14:38:28.259Z,0.2407777756,8.784649849,4.423431873,-0.3344927728,-0.1079910994,-0.02676474862
14:38:28.299Z,0.1866401732,8.66680336,4.266103745,-0.3446127772,-0.09547425061,-0.02490053698
14:38:28.309Z,0.1971087605,8.529216766,4.5930233,-0.3456780612,-0.07563371956,-0.03555317223
14:38:28.330Z,0.07507480681,8.348558426,4.808377266,-0.3189133108,-0.06538055837,-0.04314317927
14:38:28.349Z,0.2069791555,8.271090508,4.693222523,-0.2667153776,-0.05459476262,-0.0351537019
14:38:28.378Z,0.299701035,8.420641899,4.441378117,-0.1972069293,-0.02490053698,-0.05539371073
14:38:28.408Z,0.1301097274,8.359326363,4.607080936,-0.1362205893,0.03129211813,-0.02862896025
14:38:28.428Z,0.1540379524,8.382954597,5.087440014,-0.07496792823,0.039414756,-0.03728422895
14:38:28.448Z,0.01106680464,8.362017632,5.100301266,0.01478053257,0.03368896246,-0.03635212034
14:38:28.478Z,0.24765715,8.422436714,4.272085667,0.08934898674,0.04500738904,-0.01704421826
14:38:28.498Z,0.1372881979,8.387142181,5.030610561,0.1054610983,0.02356895804,-0.01398158539
14:38:28.507Z,0.005383851007,8.333004951,4.986941338,0.178964287,0.04673844203,0.009321057238
14:38:28.546Z,0.2111666054,8.492127419,4.630411148,0.1998700947,0.09028109163,0.02729738131
14:38:28.567Z,0.2787638307,8.685647011,4.692624092,0.189883247,0.1141163707,0.02237053588
14:38:28.576Z,0.1929213256,8.602197647,4.781756878,0.2153164148,0.1130511016,0.0234357994
14:38:28.615Z,-0.0708873719,8.358129501,4.629513741,0.2344911546,0.121706374,0.02743053809
14:38:28.626Z,-0.2192423791,8.308478355,4.844867706,0.2932138145,0.1169126853,0.04886896908
14:38:28.667Z,-0.03200400248,8.235795975,4.570889473,0.4282359779,0.07843003422,0.04993423447
14:38:28.679Z,-0.05772684515,8.128119469,4.720739841,0.4767054915,0.0652474016,0.02916159295
14:38:28.700Z,-0.1884347796,8.019545555,4.837988377,0.5719134212,0.04926844314,0.03049317189
14:38:28.726Z,0.102293171,8.301300049,4.565804482,0.6779071689,0.03169159219,0.03874896467
14:38:28.748Z,-0.1492523104,8.288139343,4.287938118,0.8309056163,0.005193160381,0.01757685095
14:38:28.769Z,-0.03050848842,8.408678055,4.143770695,0.8787093163,-0.001997369342,0.02490053698
14:38:28.799Z,-0.07746763527,8.304888725,3.99302268,0.9941573143,-0.02663159184,-0.002130527282
14:38:28.819Z,-0.06071787328,8.14696312,3.762713671,1.060070515,-0.04207791388,0.00732368743
14:38:28.825Z,0.07507480681,8.249555588,3.631108284,1.119858384,-0.05739107728,0.01584579609
14:38:28.848Z,0.02303091809,8.228319168,3.414258718,1.189633131,-0.06591318548,0.01012000442
14:38:28.876Z,0.043968115,8.634799957,3.0448668,1.236504793,-0.0677774027,0.01065263618
14:38:28.895Z,0.1498505175,8.728717804,3.092125177,1.26673162,-0.06791055948,0.007723161485
14:38:28.917Z,-5.98E-04,8.626724243,2.770888567,1.430649042,-0.1067926809,-0.05366265774
14:38:28.927Z,-0.1354935765,8.499007225,2.266003132,1.495097518,-0.1272990108,-0.05845634267
14:38:28.947Z,0.02781656384,8.518149376,1.886441588,1.534911752,-0.1382179558,-0.0504668653
14:38:28.967Z,0.2174477577,8.796913147,1.735095501,1.554219604,-0.1213068962,-0.06511423737
14:38:28.975Z,0.1863410622,9.123234749,1.784447432,1.57206285,-0.1255679578,-0.09254477918
14:38:29.017Z,-0.008374879137,9.730711937,0.3918247223,1.553820133,-0.1609879732,-0.1307611167
14:38:29.048Z,-0.1767697781,10.09322548,0.4507479668,1.387505889,-0.2250369489,-0.1223721579
14:38:29.065Z,-0.2207378894,10.13180923,0.5186443329,1.37592113,-0.1896169335,-0.05179844424
14:38:29.085Z,0.01585244946,10.07228756,0.446859628,1.378051639,-0.1423458606,-2.66E-04
14:38:29.096Z,-0.01794617064,10.10967541,0.1884347796,1.364070058,-0.158857435,0.02063948289
14:38:29.135Z,0.3601198196,10.69172955,-1.362712502,1.356613278,-0.1580584943,0.01797632314
14:38:29.147Z,-0.06370890141,10.9561367,-2.576471806,1.245559454,-0.1973400861,-0.05179844424
14:38:29.165Z,-0.3032902777,11.3132658,-2.093121529,1.130244732,-0.1696432382,-0.01384842768
14:38:29.193Z,0.2811566591,11.70808125,-3.36550498,1.17525208,-0.1443432271,0.04420844093
14:38:29.214Z,0.7121638656,11.72004509,-4.515256405,1.21972692,-0.150734812,0.08575372398
14:38:29.234Z,0.8509475589,11.90100288,-5.246263504,1.117195249,-0.1431448013,0.05952160433
14:38:29.244Z,0.7354938388,12.4558382,-6.040979862,0.7952193022,-0.1805621833,-0.04487423226
14:38:29.286Z,0.2721835673,14.02343655,-5.872285843,0.4946818054,-0.1427453309,-0.07337003201
14:38:29.295Z,0.05922235921,14.77209091,-6.036493301,0.3880222738,-0.1114532053,-0.06857634336
14:38:29.314Z,-0.2288136631,15.06072521,-6.271887302,0.2588590682,-0.04380896688,-0.06072002649
14:38:29.342Z,-0.361017108,13.8355999,-6.148058891,0.1185105816,0.02143843099,-0.01784316637
14:38:29.361Z,-0.2015953064,12.89043427,-5.930611134,-0.007057371549,0.0547279194,0.03675159439
14:38:29.385Z,0.1740778536,12.09183025,-5.790630817,-0.2909501195,0.07510108501,0.08468846232
14:38:29.413Z,0.2988037169,11.31745243,-5.69940424,-0.662460804,0.09520793706,0.04593949392
14:38:29.434Z,0.256929338,11.21964645,-4.829015255,-0.8323704004,0.08921582997,0.03235738352
14:38:29.453Z,0.05922235921,11.11137104,-4.026821613,-0.9279778004,0.076832138,0.02356895804
14:38:29.461Z,0.06311069429,11.05872917,-4.007080555,-0.9889641404,0.07763108611,0.02703106403
14:38:29.501Z,0.002691925503,10.26999474,-3.28115797,-1.07098949,0.09614004195,0.04301001877
14:38:29.511Z,0.1704886109,9.664012909,-2.755634308,-1.1365031,0.1141163707,0.06724476814
14:38:29.531Z,0.06191428751,9.113064766,-2.908475876,-1.164333105,0.1255679578,0.04633896798
14:38:29.559Z,0.2353939265,8.417949677,-3.205485106,-1.365135312,0.1892174482,-0.01478053257
14:38:29.597Z,-0.1597209126,7.961818218,-1.847558141,-1.455016971,0.1696432382,-0.04780370742
14:38:29.607Z,-0.03559323773,7.820043564,-1.406680584,-1.487773776,0.1713742912,-0.04833633825
14:38:29.627Z,0.176171571,7.709375381,-1.159023523,-1.48098278,0.210655883,-0.02037316747
14:38:29.648Z,0.2539383173,7.863114357,-0.8353942037,-1.456748009,0.2335590571,-0.02743053809
14:38:29.657Z,0.1079761237,7.901100159,-0.5491527915,-1.433445334,0.229031682,-0.04687159881
14:38:29.679Z,-0.005084747914,7.63878727,-0.3708875179,-1.410808563,0.2613890767,-0.04567318037
14:38:29.699Z,-0.2027917206,7.269993305,-0.451944381,-1.408944368,0.3037332892,-0.02436790615
14:38:29.729Z,0.1878365725,7.057331085,0.3197409213,-1.441967487,0.3230412006,0.01278316416
14:38:29.749Z,0.2273181528,7.056733131,0.7381857634,-1.460210085,0.3231743574,0.02263685316
14:38:29.762Z,-0.06460621208,7.088139057,0.6337988973,-1.421594381,0.2869553864,-0.02783001214
14:38:29.798Z,-0.3747758567,6.774679184,0.9305089116,-1.427985907,0.3055975139,-0.02410159074
14:38:29.811Z,-0.1872383654,6.660421848,1.53918314,-1.381913304,0.3784348965,0.02117211558
14:38:29.830Z,-0.1477568001,6.576374054,1.882852316,-1.312937379,0.3791007102,0.01957421936
14:38:29.869Z,0.1734796464,6.706184387,1.94865489,-1.260739565,0.3664506972,-0.03408843651
14:38:29.897Z,-0.0197407864,7.052844524,3.40648222,-1.207875848,0.3422159553,-0.02849580161
14:38:29.918Z,0.03439682722,7.270292282,3.435794115,-1.090164185,0.3278348744,-0.01384842768
14:38:29.930Z,-0.2246262282,7.469794273,3.50907445,-0.8745814562,0.2466085255,-0.0418115966
14:38:29.968Z,-0.433100909,8.032406807,4.021138668,-0.7799061537,0.2284990549,-0.03089264594
14:38:29.980Z,-0.4235295951,8.208877563,4.345664978,-0.5898897648,0.2039979845,-0.0049268445
14:38:29.999Z,-0.3364906907,8.417949677,4.509872437,-0.4669849575,0.1818937659,0.01651158556
14:38:30.019Z,-0.2231307179,8.556434631,4.307978153,-0.3591270149,0.1452753246,0.02596580051
14:38:30.029Z,-0.2449652255,8.730512619,4.602594376,-0.2849580348,0.1194426864,0.007590003312
14:38:30.048Z,-0.566500783,8.835796356,4.772484779,-0.1896169335,0.1121189967,-0.00319579104
14:38:30.078Z,-0.4262215197,8.732307434,4.263710976,-0.1045289934,0.07017423958,0.007856319658
14:38:30.114Z,-0.2353939265,8.427222252,4.317848682,-0.05006739125,0.076832138,-9.32E-04
14:38:30.128Z,-0.4268197417,8.337491035,4.799404144,0.1171789989,-0.05739107728,-0.001198421582
14:38:30.148Z,-0.5216353536,8.274380684,4.432105541,0.2533995807,-0.04301001877,0.002796316985
14:38:30.177Z,-0.6948158741,8.373682976,4.029513359,0.3494064808,-0.03235738352,0.003062632866
14:38:30.195Z,-0.5437689424,8.464012146,3.89880538,0.4314317703,-0.0350205414,0.005060002208
14:38:30.217Z,-0.5252245665,8.442476273,3.923331738,0.5869602561,-0.1125184745,-0.03435475379
14:38:30.227Z,-0.6622136831,8.440681458,3.924827337,0.7046719193,-0.1324921697,-0.0547279194
14:38:30.267Z,-0.6463612318,8.397012711,3.405884027,0.8832367063,-0.1390169114,-0.05552686751
14:38:30.298Z,-0.594317317,8.279764175,3.172284603,1.030376315,-0.2101232558,-0.07376950979
14:38:30.317Z,-0.7097710371,8.218747139,2.893221617,1.1018821,-0.2422143221,-0.05832318589
14:38:30.345Z,-0.4983053207,8.062616348,2.791227579,1.265799522,-0.2645848691,-0.03009369783
14:38:30.366Z,-0.3741776347,7.8370924,2.381157637,1.361806393,-0.2627206445,-0.02543316968
14:38:30.395Z,-0.3634099364,7.598707199,1.237986565,1.405349016,-0.2798980176,-0.03808317333
14:38:30.416Z,-0.5760720372,7.443472862,1.027717352,1.408145428,-0.2984069884,-0.04580633715
14:38:30.435Z,-0.6308078766,7.299305439,0.8898309469,1.427453279,-0.2797648609,-0.01464737486
14:38:30.465Z,-0.1680957973,7.248756886,0.5763711333,1.539971709,-0.3082606792,6.66E-04
14:38:30.494Z,-0.3550350666,7.479963779,-0.9951151013,1.547561765,-0.3125217259,-0.03315633163
14:38:30.515Z,-0.3128615618,7.812565804,-0.718445003,1.410142779,-0.3141196072,-0.03022685647
14:38:30.544Z,-0.3816552162,8.856135368,-0.5551348329,1.430382729,-0.4020038545,0.02356895804
14:38:30.565Z,-0.3071786165,9.274879456,-0.9065806866,1.417333245,-0.4382228255,0.05113265663
14:38:30.582Z,-0.1178465188,9.578469276,-1.622034669,1.385242224,-0.3894870281,0.04993423447
14:38:30.610Z,-0.2267199457,9.78096199,-1.909771562,1.331579566,-0.3082606792,0.02876211889
14:38:30.631Z,-0.2318046987,9.696315765,-2.141875267,1.215465784,-0.2749711871,0.05313002318
14:38:30.641Z,-0.3577269912,9.573084831,-2.634198666,1.129312634,-0.2964096069,0.06884266436
14:38:30.679Z,-0.2470589429,9.358927727,-2.584846735,1.020922065,-0.3016027808,0.09028109163
14:38:30.694Z,-0.142672047,9.379864693,-2.825624466,0.8466182947,-0.2178464085,0.09893636405
14:38:30.714Z,0.1214357466,9.46720314,-2.765205622,0.7510108948,-0.1617869139,0.1061268896
14:38:30.751Z,0.524028182,9.692128181,-2.710170746,0.5832318664,-0.1832253486,0.1095889956
14:38:30.761Z,0.7405785918,9.771389961,-2.860619545,0.513989687,-0.1944106072,0.08202529699
14:38:30.783Z,0.3681955934,9.858428955,-3.135794163,0.4454133511,-0.1727058738,0.06950845569
14:38:30.802Z,0.1938186288,9.998708725,-3.054438114,0.3697796464,-0.1328916401,0.07896266878
14:38:30.814Z,0.1719841212,9.995119095,-2.845365286,0.3427485824,-0.1123853177,0.076832138
14:38:30.832Z,0.0933200866,9.939486504,-2.851646423,0.3231743574,-0.1438105851,0.06111950055
14:38:30.854Z,-0.1513460279,9.743872643,-2.969492912,0.3000048697,-0.1608548164,0.04554001987
14:38:30.863Z,-0.4929214716,9.656833649,-3.099602699,0.2645848691,-0.1380847991,0.05246423557
14:38:30.882Z,-0.4734797776,9.651450157,-3.06311202,0.2384859025,-0.08602003753,0.08908267319
14:38:30.900Z,-0.0484546572,9.788438797,-3.176771164,0.2246374637,-0.04540686309,0.09946899116
14:38:30.932Z,0.09810572863,9.907482147,-4.110570431,0.123171106,0.01877527125,0.02902843431
14:38:30.951Z,0.04606183618,9.934102058,-3.988536358,0.02130527236,0.07803056389,0.01438105945
14:38:30.959Z,0.233001098,10.13898754,-4.025026798,-0.02516685426,0.1235705838,0.01091895252
14:38:30.981Z,0.4118646085,10.4668045,-4.187439442,-0.08122635633,0.1494032294,-0.003462106921
14:38:31.001Z,0.4292125702,10.60588741,-4.526323318,-0.1688442826,0.1411474347,-0.01704421826
14:38:31.027Z,0.2365903407,10.88285637,-4.266103745,-0.376304388,0.1470063776,-0.0264984332
14:38:31.050Z,0.2228316069,11.31535912,-3.97477746,-0.4418180883,0.145009011,-0.007456845604
14:38:31.076Z,0.09092725813,12.0595274,-4.019044876,-0.5743102431,0.06937529147,0.04114580899
14:38:31.106Z,0.2820539773,12.2859478,-3.61764884,-0.6518082023,0.04114580899,0.06631266326
14:38:31.127Z,0.5063810945,12.4115715,-3.101696253,-0.7286403179,0.03009369783,0.08069372177
14:38:31.145Z,0.2976073027,12.46122169,-2.877070189,-0.7843003273,0.007856319658,0.06591318548
14:38:31.156Z,-0.2027917206,12.38764286,-2.669193745,-0.9006804228,-0.06484792382,0.03408843651
14:38:31.177Z,-0.5084748268,12.12054443,-2.552842617,-0.9455546141,-0.06218476593,0.06125266105
14:38:31.196Z,-0.3011965454,11.88036442,-2.611765862,-1.001614094,-5.33E-04,0.08069372177
14:38:31.217Z,-0.009870393202,11.58215904,-2.738286495,-1.09242785,-0.03768370301,0.08242477477
14:38:31.228Z,-0.27577281,11.62433243,-2.33300209,-1.255013704,-0.1384842694,0.05006739125
14:38:31.268Z,-1.029811025,11.47448158,-0.9532406926,-1.424790144,-0.1717737615,0.06444845349
14:38:31.278Z,-0.8545367718,11.28485107,-0.674476862,-1.473925352,-0.1604553312,0.1018658355
14:38:31.318Z,0.1929213256,10.4790678,-0.003888336709,-1.404550076,-0.1364869028,0.1689774394
14:38:31.330Z,0.4770690203,9.667601585,0.04456632212,-1.343430638,-0.06391581893,0.1270326823
14:38:31.347Z,0.4073780477,8.746664047,0.3858426511,-1.292564273,0.03648528084,0.09494162351
14:38:31.377Z,0.6227321029,8.007580757,1.219143152,-1.226384759,0.1346226931,0.07190529257
14:38:31.396Z,0.6367899179,8.070990562,1.249950767,-1.038365722,0.2528669536,0.00732368743
14:38:31.418Z,0.8359923959,8.192725182,1.220937729,-0.9825725555,0.3043990731,-0.0324905403
14:38:31.429Z,0.6822535396,8.408678055,1.198505044,-0.9487504363,0.3324954212,-0.09041424841
14:38:31.465Z,-0.05353940651,9.013762474,1.983649969,-0.9330378175,0.3331612051,-0.1047953144
14:38:31.479Z,-0.1537388563,9.188139915,2.117348909,-0.8330361843,0.3237069845,-0.04021370411
14:38:31.497Z,0.02093719877,9.163613319,1.912463546,-0.80973351,0.2925480306,6.66E-04
14:38:31.517Z,0.2419741899,9.124430656,2.10359025,-0.8255793452,0.249804318,0.02410159074
14:38:31.545Z,0.2862414122,9.018847466,2.611466885,-0.8254461884,0.1981390417,0.03289001435
14:38:31.581Z,0.1788634956,9.09571743,2.955136061,-0.8270440698,0.1390169114,0.05645897239
14:38:31.583Z,0.171086818,9.142676353,2.97577405,-0.8167908788,0.1008005738,0.07443529367
14:38:31.593Z,0.2228316069,9.311071396,2.915355206,-0.8542082906,0.06098634377,0.07496792823
14:38:31.633Z,-0.2060818523,9.323633194,3.445066452,-0.8964193463,0.01877527125,0.07150582224
14:38:31.641Z,0.0765703246,9.146564484,3.878466368,-0.9207872748,-0.0117178997,0.08974846452
14:38:31.661Z,0.03110669367,8.951250076,3.849752426,-0.8719182611,6.66E-04,0.09560741484
14:38:31.683Z,0.1010967568,8.707481384,4.333102703,-0.8253130317,-0.02623211779,0.08721846342
14:38:31.695Z,0.3011965454,8.465208054,4.722833633,-0.6641919017,-0.07270424068,0.05659212917
14:38:31.715Z,0.3212364316,8.204091072,4.663910389,-0.5246423483,-0.05965476483,0.01464737486
14:38:31.735Z,0.08524430543,8.174480438,3.733999729,-0.4480765164,-0.07709845901,0.008921583183
14:38:31.746Z,0.2437688112,8.148458481,4.642374992,-0.4067975581,-0.1342232227,0.009587372653
14:38:31.785Z,0.3858426511,8.472685814,4.440480709,-0.2059953511,-0.1360874325,2.66E-04
14:38:31.814Z,0.4289134443,8.825627327,4.288536549,-0.1857553422,-0.1223721579,-0.008388951421
14:38:31.846Z,0.1995015889,8.92253685,4.165007114,-0.1926795542,-0.1355548054,0.01877527125
14:38:31.882Z,0.4648058116,8.811569214,4.231407642,-0.2230395675,-0.1392832249,0.03808317333
14:38:31.895Z,0.3625126183,8.864211082,4.118945122,-0.3113232851,-0.09400951862,0.01691105962
14:38:31.914Z,0.3915255964,8.907880783,4.372584343,-0.3661843836,-0.09707214683,0.009054740891
14:38:31.934Z,0.3448655605,8.872286797,4.508078098,-0.3848264813,-0.09787109494,-7.99E-04
14:38:31.962Z,0.3975076675,8.592027664,4.490729809,-0.4025365114,-0.08082687855,-0.005060002208
14:38:31.983Z,0.4049852192,8.418847084,4.886742115,-0.3962780833,-0.02037316747,-0.02063948289
14:38:31.995Z,0.3720839322,8.277072906,4.890331268,-0.3283675313,0.006258423906,-0.02450106293
14:38:32.030Z,0.3209373355,8.197212219,5.143372059,-0.2673811615,0.02636527456,-0.03555317223
14:38:32.052Z,0.1501496136,8.238189697,5.23429966,-0.1913479865,0.0307594873,-0.03661843762
14:38:32.063Z,0.1722832322,8.177172661,5.120640278,-0.02237053588,0.03009369783,-0.001997369342
14:38:32.082Z,0.2165504545,8.249555588,5.09372139,0.039414756,0.0332894884,0.002130527282
14:38:32.103Z,0.2410768867,8.2698946,4.918447018,0.09028109163,0.04274370521,-0.003595264861
14:38:32.130Z,0.1013958603,8.246863365,4.912764072,0.1117195264,0.04221107066,-0.01504684892
14:38:32.154Z,0.2165504545,8.198408127,4.933103085,0.1565937549,0.05193160102,-3.99E-04
14:38:32.163Z,0.1489532143,8.117053032,5.135595798,0.178964287,0.04314317927,-0.007190529723
14:38:32.181Z,0.0197407864,8.078468323,5.484050274,0.2302301079,0.04514054582,-0.001065263641
14:38:32.211Z,0.4779663086,8.194519997,5.185246468,0.3934817612,0.07962846011,-0.01398158539
14:38:32.253Z,0.0822532773,7.881658554,4.617848396,0.5245091915,0.1190432087,-0.03036001325
14:38:32.279Z,0.3828516304,8.038089752,5.373083115,0.6687192321,-0.002530001104,0.03036001325
14:38:32.311Z,0.1420738399,8.260921478,4.823631287,0.9616667628,0.05672528967,0.01265000552
14:38:32.331Z,0.1241276711,8.398508072,4.285246372,1.002546191,0.06431528926,-0.009454214945
14:38:32.361Z,0.1929213256,8.77089119,4.214657784,1.09242785,0.04487423226,-0.01131842658
14:38:32.400Z,-0.05533402413,8.725427628,3.208176851,1.18883419,-0.002663159044,0.004261054564
14:38:32.431Z,0.1241276711,8.471788406,3.012862921,1.147954702,0.00159789552,-0.02743053809
14:38:32.456Z,0.3652045429,8.424530029,2.918346405,1.157009482,0.004793686327,-0.03036001325
14:38:32.479Z,0.1645065546,8.29890728,2.865106106,1.191630483,-0.01771000773,-0.04873581231
14:38:32.497Z,0.05503492057,8.189136505,2.485245466,1.233042717,-0.02929474972,-0.06391581893
14:38:32.520Z,0.2162513435,8.39312458,1.905285001,1.312271595,-0.04820318148,-0.04673844203
14:38:32.529Z,0.4815555513,8.840581894,2.051546335,1.323456883,-0.06364950538,-0.05406212807
14:38:32.571Z,0.05024927482,9.558130264,1.978565216,1.443165898,-0.03408843651,-0.1418132186
14:38:32.597Z,-0.001794616925,9.46720314,0.9693922997,1.452886462,0.00173105346,-0.1098553166
14:38:32.616Z,0.4734797776,9.594321251,1.151246786,1.403751135,0.03169159219,-0.07536740601
14:38:32.625Z,0.3032902777,9.788438797,0.9684949517,1.401620626,0.02636527456,-0.1102547869
14:38:32.663Z,0.06759724021,10.07557774,-0.05264209956,1.390435338,0.003861580743,-0.08322372288
14:38:32.675Z,0.2715853751,10.24816036,-0.3146561682,1.322391629,-0.03089264594,-0.005858949851
14:38:32.717Z,0.1357926875,10.83470058,-0.5901299119,1.300287485,-0.1307611167,0.0392815955
14:38:32.747Z,0.1357926875,11.18255711,-2.764906645,1.169925809,-0.1633848101,0.04807002097
14:38:32.765Z,0.1453639716,11.24357414,-2.926721096,1.065663099,-0.1346226931,0.04647212476
14:38:32.776Z,0.1815554202,11.16879845,-3.116651535,1.01413095,-0.1320926845,0.03808317333
14:38:32.815Z,0.5907281041,11.3132658,-4.314259052,0.9591367245,-0.2083922029,0.02370211668
14:38:32.828Z,0.561715126,11.71436214,-5.036293507,0.8660593629,-0.239418,-0.03195790946
14:38:32.864Z,0.2449652255,13.39801216,-5.451747417,0.7657914162,-0.2150501013,-0.05619265884
14:38:32.878Z,-0.2009970993,14.25853062,-4.941178799,0.5484775901,-0.1857553422,-0.08002793044
14:38:32.896Z,-0.4112663865,14.74636745,-5.357829094,0.5195823312,-0.1359542757,-0.04713791609
14:38:32.935Z,-0.142971158,14.23729515,-6.25154829,0.2235722095,0.03142527863,0.08761793375
14:38:32.947Z,0.4052843451,13.36391449,-6.05713129,0.02303632535,0.08615319431,0.1090563685
14:38:32.984Z,0.7869395614,11.82503033,-5.76460886,-0.1786979735,0.1035968885,0.08881635964
14:38:32.996Z,0.7450651526,11.5384903,-5.450251579,-0.3704454303,0.1147821546,0.05752423778
14:38:33.015Z,0.3664009571,11.43380356,-4.738686085,-0.6921550632,0.1683116555,0.007456845604
14:38:33.045Z,0.199800685,11.54776192,-3.798007727,-0.8034750819,0.1800295562,-0.01518000662
14:38:33.085Z,-0.2835494876,10.93101215,-3.892524242,-0.928776741,0.2026664019,0.02077264152
14:38:33.094Z,0.003589233849,10.51047325,-3.567100286,-0.9934915304,0.2178464085,0.02942790836
14:38:33.137Z,-0.05533402413,9.274879456,-2.499901533,-1.048885226,0.2338253707,0.03914843872
14:38:33.164Z,0.3128615618,8.480463028,-3.057130098,-1.179912686,0.2715090811,-0.02277000993
14:38:33.184Z,0.2488535494,8.177172661,-3.128914595,-1.338770032,0.2492716908,-0.03994738683
14:38:33.213Z,0.1591227055,7.933702469,-2.051546335,-1.466468573,0.2479401082,-0.04966791719
14:38:33.231Z,-0.1013958603,7.782057285,-1.842473388,-1.524658561,0.2663159072,-0.05619265884
14:38:33.242Z,-0.0326022096,7.628019333,-0.9643075466,-1.634647012,0.2953443527,-0.007057371549
14:38:33.263Z,0.1770688742,7.407879829,-0.4289134443,-1.596963406,0.3032006621,0.01265000552
14:38:33.283Z,0.1271187067,7.011867523,-0.3628117442,-1.551156998,0.3058638275,0.03009369783
14:38:33.293Z,0.08614161611,6.783053875,-0.7842476368,-1.541835904,0.324639082,0.0392815955
14:38:33.331Z,-0.03469592705,6.440880299,0.5650052428,-1.614673376,0.2856238186,0.03089264594
14:38:33.342Z,-0.6520441771,6.344868183,1.459621787,-1.643701792,0.2308958918,0.01131842658
14:38:33.361Z,-0.6334998012,6.419344902,0.9954141974,-1.548760176,0.2057290375,0.03395527974
14:38:33.383Z,-0.06580262631,6.531807423,0.7301099896,-1.408678055,0.2444780022,0.1034637317
14:38:33.404Z,0.337387979,6.685845375,1.211964726,-1.394297004,0.2592585385,0.06378266215
14:38:33.432Z,-0.03589234129,6.75224638,1.841277003,-1.316799045,0.2230395675,-0.03289001435
14:38:33.461Z,-0.1564307809,7.286444187,3.021835804,-1.209740043,0.2246374637,0.01051947847
14:38:33.478Z,-0.02542374097,7.613363266,3.600001574,-1.041028857,0.220376417,0.03169159219
14:38:33.510Z,-0.008673981763,8.009675026,3.356232882,-0.8994820118,0.1941442937,0.02010685205
14:38:33.529Z,-0.2437688112,8.097909927,3.523132324,-0.8415582776,0.1613874435,-0.0123836901
14:38:33.554Z,-0.2527419031,8.120941162,3.707678795,-0.7644598484,0.1474058628,-0.02197106183
14:38:33.581Z,-0.1528415531,8.189136505,4.432105541,-0.5743102431,0.1464737505,-0.02596580051
14:38:33.599Z,-0.1055833027,8.198408127,4.320540428,-0.4531365335,0.1222390011,-0.006524739787
14:38:33.627Z,-0.05174478889,8.300702095,4.471288204,-0.3511375189,0.09001477808,-0.002396843163
14:38:33.648Z,-0.1633101404,8.413463593,4.166203499,-0.1838911325,0.07057371736,-0.03914843872
14:38:33.660Z,-0.1938186288,8.557631493,4.137190342,-0.1659148186,0.05339634046,-0.04953476042
14:38:33.700Z,-0.2497508675,8.741579056,4.335794449,-0.08934898674,0.02982738242,-0.07656582445
14:38:33.709Z,-0.3269194067,8.718249321,4.508975029,-0.01557948068,0.019707378,-0.06245107949
14:38:33.729Z,-0.2335993052,8.718249321,4.257130623,0.06351634115,0.01797632314,-0.04820318148
14:38:33.760Z,-0.1411765367,8.766703606,4.069892406,0.1647163928,0.01198421605,-0.05206476152
14:38:33.799Z,-0.2407777756,8.641978264,3.981956005,0.2303632647,-0.04687159881,-0.04926844314
14:38:33.820Z,-0.3056831062,8.507980347,4.297808647,0.302668035,-0.05925529078,-0.02636527456
14:38:33.848Z,-0.07686942816,8.546863556,3.52193594,0.4671181142,-0.01611211337,-0.02836264484
14:38:33.875Z,-0.2165504545,8.502895355,3.82731986,0.4904207587,-0.07510108501,-0.03874896467
14:38:33.895Z,-0.4465605319,8.376075745,4.048057556,0.6617950201,-0.05326318368,-0.03462106735
14:38:33.917Z,-0.4127618968,8.407182693,3.863810301,0.786031425,-0.03834949061,-0.005326318089
14:38:33.943Z,-0.05204389244,8.635098457,3.078067303,0.8633961678,-0.05086633936,0.006791055668
14:38:33.965Z,0.03200400248,8.520243645,2.914757013,0.9076046348,-0.06631266326,-7.99E-04
14:38:33.975Z,-0.1674975902,8.268099785,2.911766052,0.9479514956,-0.0745684579,-0.02982738242